Workbook

Sheet INICIAÇÃO A1
A1: CAMPEONATO PAULISTA - INICIAÇÃO A1
A2: SITE FPFS | B2: NOME CURTO APP | C2: INSTAGRAM | D2: LOGO
A3: SE PALMEIRAS | B3: PALMEIRAS | D3: Palmeiras_logo.svg.png
A4: S.C. CORINTHIANS PAULISTA PTA. | B4: CORINTHIANS | D4: Corinthians_logo.png
A5: SÃO PAULO FC - A | B5: SÃO PAULO | D5: São_Paulo.png
A6: ASSOCIAÇÃO SOROCABANA DE FUTSAL - ASF/MAGNU | B6: ASF / MAGNUS | D6: ASF_Magnus.png
A7: ASSOCIAÇÃO DESPORTIVA DO ABCD - MESC SÃO BERNARDO | B7: MESC | D7: logotipo-mesc.webp
A8: SANTOS FC | B8: SANTOS | D8: Santos_Logo.png
A9: C.A. JUVENTUS | B9: JUVENTUS | D9: CA_Juventus_logo.svg.png
A10: A.D. INDAIATUBA | B10: AD INDAIATUBA | D10: AD_Indaiatuba.png
A11: A.D. BATEBOLA | B11: BATEBOLA | D11: batebola.png
A12: LAUSANNE PAULISTA FC - A | B12: LAUSANNE | D12: Lausanne_Paulista.png
A13: TAUBATÉ FUTSAL | B13: TAUBATÉ | D13: Taubaté.png
A14: FAE/OSASCO/AUDAX | B14: AUDAX | D14: Audax_Osasco.png
... A26: CAMISA 10 F.C. A | B26: CAMISA 10 | D26: Camisa_10.png

Sheet BASE A1
A1: CAMPEONATO PAULISTA - BASE A1
A2: SITE FPFS | B2: NOME CURTO APP | C2: INSTAGRAM | D2: LOGO
A3: SE PALMEIRAS | B3: =VLOOKUP(A3, 'INICIAÇÃO A1'!$A$1:$D$26, 2, FALSE) -> PALMEIRAS | C3: =VLOOKUP(A3, 'INICIAÇÃO A1'!$A$1:$D$26, 4, FALSE) -> Palmeiras_logo.svg.png
A4: SANTOS FC | B4: =VLOOKUP(A4, 'INICIAÇÃO A1'!$A$1:$D$26, 2, FALSE) -> SANTOS | C4: =VLOOKUP(A4, 'INICIAÇÃO A1'!$A$1:$D$26, 4, FALSE) -> Santos_Logo.png
A5: SÃO PAULO FC - A | B5: =VLOOKUP(A5, 'INICIAÇÃO A1'!$A$1:$D$26, 2, FALSE) -> SÃO PAULO | C5: =VLOOKUP(A5, 'INICIAÇÃO A1'!$A$1:$D$26, 4, FALSE) -> São_Paulo.png
A6: ASSOCIAÇÃO ATLÉTICA BANCO DO BRASIL | B6: AABB | C6: aabb (1).png
A7: LAUSANNE PAULISTA FC - A | B7: =VLOOKUP(A7, 'INICIAÇÃO A1'!$A$1:$D$26, 2, FALSE) -> LAUSANNE | C7: =VLOOKUP(A7, 'INICIAÇÃO A1'!$A$1:$D$26, 4, FALSE) -> Lausanne_Paulista.png
A8: SÃO CAETANO FC - RSFC | B8: =VLOOKUP(A8, 'INICIAÇÃO A1'!$A$1:$D$26, 2, FALSE) -> SÃO CAETANO | C8: =VLOOKUP(A8, 'INICIAÇÃO A1'!$A$1:$D$26, 4, FALSE) -> RS_São_Caetano.png
A9: LIGA SANCAETANENSE DE F.S. | B9: =VLOOKUP(A9, 'INICIAÇÃO A1'!$A$1:$D$26, 2, FALSE) -> LIGA SÃO CAETANO | C9: =VLOOKUP(A9, 'INICIAÇÃO A1'!$A$1:$D$26, 4, FALSE) -> Liga Sao Caetano.jpg
A10: ASSOCIAÇÃO SOROCABANA DE FUTSAL - ASF/MAGNU | B10: =VLOOKUP(A10, 'INICIAÇÃO A1'!$A$1:$D$26, 2, FALSE) -> ASF / MAGNUS | C10: =VLOOKUP(A10, 'INICIAÇÃO A1'!$A$1:$D$26, 4, FALSE) -> ASF_Magnus.png
A11: S.C. CORINTHIANS PAULISTA PTA. | B11: =VLOOKUP(A11, 'INICIAÇÃO A1'!$A$1:$D$26, 2, FALSE) -> CORINTHIANS | C11: =VLOOKUP(A11, 'INICIAÇÃO A1'!$A$1:$D$26, 4, FALSE) -> Corinthians_logo.png
A12: C.A. JUVENTUS | B12: =VLOOKUP(A12, 'INICIAÇÃO A1'!$A$1:$D$26, 2, FALSE) -> JUVENTUS | C12: =VLOOKUP(A12, 'INICIAÇÃO A1'!$A$1:$D$26, 4, FALSE) -> CA_Juventus_logo.svg.png
A13: CLUBE ESPORTIVO DA PENHA - CE PENHA | B13: PENHA | C13: penha.png
A14: FAE/OSASCO/AUDAX | B14: =VLOOKUP(A14, 'INICIAÇÃO A1'!$A$1:$D$26, 2, FALSE) -> AUDAX | C14: =VLOOKUP(A14, 'INICIAÇÃO A1'!$A$1:$D$26, 4, FALSE) -> Audax_Osasco.png
A15: ADC SÃO BERNARDO FUTSAL | B15: SÃO BERNARDO | C15: adsaobernardo.png
A16: SÃO JOSÉ FUTSAL | B16: SÃO JOSÉ | C16: saojosefutsal.png
A17: COLORADO CAIEIRAS FUTEBOL CLUBE LTDA - COLORADO CAIEIRAS FC | B17: COLORADO CAIEIRAS | C17: coloradocaieiras.png
A18: PRIMEIRO DE MAIO FUTEBOL CLUBE | B18: PRIMEIRO DE MAIO | C18: primeirodemaio.png
A19: ASSOCIAÇÃO ATLÉTICA BOTUCATUENSE | B19: BOTUCATUENSE | C19: botucatuense (1).png
A20: ESPORTE CLUBE PRAIA GRANDE | B20: PRAIA GRANDE | C20: praiagrande.png
A21: SANTO ANDRE FUTEBOL CLUBE | SANTO ANDRÉ FUTSAL | B21: SANTO ANDRÉ FC | C21: safc.png
A22: A.D. INDAIATUBA | B22: AD INDAIATUBA | C22: =VLOOKUP(A22, 'INICIAÇÃO A1'!$A$1:$D$26, 4, FALSE) -> AD_Indaiatuba.png

Sheet INICIAÇÃO A2
A1: CAMPEONATO PAULISTA - INICIAÇÃO A2
A2: SITE FPFS | B2: NOME CURTO APP | C2: INSTAGRAM | D2: LOGO
A3: A. UNIÃO MAUÁ | B3: UNIÃO MAUÁ | D3: Uniao_Maua.png
A4: A.D. SUZANO | B4: AD SUZANO | D4: AD _Suzano.png
A5: AA WIMPRO GUARULHOS | B5: WIMPRO | D5: Wimpro.png
A6: ADC MARVEL | B6: MARVEL | D6: Marvel.png
A7: ADC MERCEDES BENZ | B7: MERCEDES | D7: Mercedes.png
A8: ADEF/COTIA | B8: ADEF | D8: ADEF.png
A9: AE FRIBURGO | B9: FRIBURGO | D9: Friburgo.png
A10: ASSOCIAÇÃO DESPORTIVA NANDO GRANA | B10: NANDO GRANA | D10: Nando Grana.png
A11: ASSOCIAÇÃO DESPORTIVA SANTO ANDRE FUTSAL | B11: AD SANTO ANDRÉ | D11: ad_santo_andre.png
A12: ASSOCIAçãO ESPORTIVA FUTMAX | B12: CAAS | D12: Caas.png
A13: ASSOCIAÇÃO ESPORTIVA RIVER DO BELÉM | RIVER DO BELÉM | B13: RIVER DO BELÉM | D13: River_do_Belem.png
A14: ASSOCIAÇÃO PAULISTA FUTEBOL CLUBE MOOCA | B14: PAULISTA MOOOCA | D14: Paulista_Mooca.png
... A26: SPORT BENFICA DE MOGI DAS CRUZES | B26: BENFICA | D26: Benfica.png

Sheet BASE A2
A1: CAMPEONATO PAULISTA - BASE A2
A2: SITE FPFS | B2: NOME CURTO APP | C2: INSTAGRAM | D2: LOGO
A3: CLUBE ATLÉTICO YPIRANGA | C.A. YPIRANGA | B3: YPIRANGA | D3: Ypiranga.png
A4: MOGI DAS CRUZES ESPORTE CLUBE - MOGI DAS CRUZES EC | B4: MOGI EC | D4: 3 Mogi_EC.png
A5: ITAQUÁ FUTSAL | B5: ITAQUÁ | D5: ITAQUA.png
A6: STADIUM FUTSAL | B6: STADIUM | D6: STADIUM.png
A7: C.A. TABUCA JRS | B7: TABUCA JRS | D7: Tabuca_Juniors.png
A8: SÃO PAULO FC - B | B8: SÃO PAULO B | D8: São_Paulo.png
A9: PULO FUTSAL CAMPINAS | B9: PULO FUTSAL | D9: Pulo_Futsal.png
A10: ASSOCIAÇÃO ESPORTIVA RIVER DO BELÉM | RIVER DO BELÉM | B10: RIVER DO BELÉM | D10: River_do_Belem.png
A11: ASSOCIACAO DESPORTIVA S.F. | A.D. SUZANO | B11: AD SUZANO | D11: AD _Suzano.png
A12: ASSOCIAÇÃO DESPORTIVA PRUDENTE | A.D. PRUDENTE | B12: AD PRUDENTE | D12: AD PRUDENTE.png
A13: LAUSANNE PAULISTA FC - B | B13: LAUSANNE B | D13: COMANDO G8 LAUSANNE.png
A14: PROSPERE / HORTOLANDIA | B14: HORTOÂNDIA | D14: Hortolandia.png
... A17: ASSOCIAÇÃO DESPORTIVA SANTO ANDRE FUTSAL | B17: AD SANTO ANDRÉ | D17: AD SANTO ANDRÉ.png
A18: IMPACTO F.C. | B18: IMPACTO
A19: LIGA SEBASTIANENSE DE FUTSAL | LISFUTS/SÃO SEBASTIÃO | B19: LISFUTS
A20: ASSOCIAÇÃO PEQUENO MESTRE | A. PEQUENO MESTRE | B20: PEQUENO MESTRE
A21: AA WIMPRO GUARULHOS | B21: WIMPRO
A22: SELECIONADOS FUTSAL | B22: SELECIONADOS

Sheet INICIAÇÃO A3
A1: CAMPEONATO PAULISTA - INICIAÇÃO A3
A2: SITE FPFS | B2: NOME CURTO APP | C2: INSTAGRAM | D2: LOGO
A3: A.E. COMPANY SPORTS | B3: COMPANY SPORTS
A4: ASSOCIAÇÃO MORADORES JARDIM LÍDER Z/N - FÚRIA F.S. | B4: FÚRIA FS
A5: INSTITUTO F9+ | B5: F9 TABOÃO
A6: LIGA ATIBAIAENSE DE FUITSAL - LAFS | B6: ATIBAIA
A7: ITAQUERENSE FUTSAL | B7: ITAQUERENSE
A8: ROSA NEGRA/IPASURE FUTSAL | B8: ROSA NEGRA
A9: RESILIENCE FUTSAL | B9: RESILIENCE
A10: GUAIANAZES/EVY | B10: GUAIANASES
A11: ASSOCIAÇÃO ESPORTIVA CULTURAL VMANEGER ITAQUERA C13 | B11: C13
A12: PEQUENINOS DE PERUS | B12: PEQUENINOS
A13: JABAQUARA ATLÉTICO CLUBE | B13: JABAQUARA
A14: RSOCCER | B14: RSOCCER
... A32: R7 FUTSAL | B32: R7 FUTSAL

Sheet BASE A3
A1: CAMPEONATO PAULISTA - BASE A3
A2: SITE FPFS | B2: NOME CURTO APP | C2: INSTAGRAM | D2: LOGO
A3: ASSOCIAÇÃO ESPORTIVA FRIBURGO | AE FRIBURGO | B3: FRIBURGO
A4: A. UNIÃO MAUÁ | B4: UNIÃO MAUÁ
A5: ASSOCIAÇÃO DESPORTIVA OLIMPIK | ATIVO | B5: OLIMPIK
A6: LIFESPORTS GESTAO ESPORTIVA LTDA | MX7 DIADEMA | B6: MX7 DIADEMA
A7: INSTITUTO F9+ | B7: F9 TABOÃO
A8: FERROVIÁRIA/PINDA FUTSAL/SEMELP | B8: PINDA
A9: CTC VILA EMA | B9: CTC VILA EMA
A10: JUBA FUTSAL | B10: JUBA
A11: ROSA NEGRA/IPASURE FUTSAL | B11: ROSA NEGRA
A12: GUARULHENSE/TBC TRANPORTES | B12: GUARULHENSE
A13: INST. BONS DE BOLA | B13: BONS DE BOLA
A14: LIGA ATIBAIAENSE DE FUITSAL - LAFS | B14: ATIBAIA
... A46: LIGA LESTE/VIKS ELEVADORES | B46: LIGA LESTE
